﻿<?xml version="1.0" encoding="utf-8"?>
<Window caption="0,0,0,30" roundcorner="5,5,5,5" sizebox="4,4,4,4" mininfo="600,320" showdirty="false" trayiconid="107" traytiptext="L.DF">
 <Font name="宋体" size="13" bold="false"/>
 <Font name="宋体" size="12"/>
<Default name="VScrollBar" value="button1normalimage=&quot;file='scroll.png' source='0,0,16,16'&quot; button1hotimage=&quot;file='scroll.png' source='0,0,16,16' mask='#FFFF00FF'&quot; button1pushedimage=&quot;file='scroll.png' source='0,16,16,32' mask='#FFFF00FF'&quot; button1disabledimage=&quot;file='scroll.png' source='0,0,16,16' mask='#FFFF00FF'&quot; button2normalimage=&quot;file='scroll.png' source='0,32,16,48' mask='#FFFF00FF'&quot; button2hotimage=&quot;file='scroll.png' source='0,32,16,48' mask='#FFFF00FF'&quot; button2pushedimage=&quot;file='scroll.png' source='0,48,16,64' mask='#FFFF00FF'&quot; button2disabledimage=&quot;file='scroll.png' source='0,32,16,48' mask='#FFFF00FF'&quot; thumbnormalimage=&quot;file='scroll.png' source='0,64,16,80' corner='2,2,2,2' mask='#FFFF00FF'&quot; thumbhotimage=&quot;file='scroll.png' source='0,64,16,80' corner='2,2,2,2' mask='#FFFF00FF'&quot; thumbpushedimage=&quot;ffile='scroll.png' source='0,64,16,80' corner='2,2,2,2' mask='#FFFF00FF'&quot; thumbdisabledimage=&quot;file='scroll.png' source='0,64,16,80' corner='2,2,2,2' mask='#FFFF00FF'&quot; railnormalimage=&quot;file='scroll.png' source='0,80,16,96' corner='2,2,2,2' mask='#FFFF00FF'&quot; railhotimage=&quot;file='scroll.png' source='0,80,16,96' corner='2,2,2,2' mask='#FFFF00FF'&quot; railpushedimage=&quot;file='scroll.png' source='0,96,16,112' corner='2,2,2,2' mask='#FFFF00FF'&quot; raildisabledimage=&quot;file='scroll.png' source='0,80,16,96' corner='2,2,2,2' mask='#FFFF00FF'&quot; bknormalimage=&quot;file='scroll.png' source='0,128,16,146' corner='2,2,2,2' mask='#FFFF00FF'&quot; bkhotimage=&quot;file='scroll.png' source='0,128,16,146' corner='2,2,2,2' mask='#FFFF00FF'&quot; bkpushedimage=&quot;file='scroll.png' source='0,128,16,146' corner='2,2,2,2' mask='#FFFF00FF'&quot; bkdisabledimage=&quot;file='scroll.png' source='0,128,16,146' corner='2,2,2,2' mask='#FFFF00FF'&quot; " />
<VerticalLayout bkimage="file='bg.png' corner='10,100,10,10' hole='true'" bkcolor="#FF313C00">
	<HorizontalLayout height="37" inset="0,2,0,0">
		<VerticalLayout>
			<Text text="ListDemo(tojen)" textcolor="#FFFFFFFF" font="1" float="true" pos="27,10,170,30"></Text>
		</VerticalLayout>
		<VerticalLayout width="70">
			<Button float="true" pos="0,0,28,17" name="minbtn" maxwidth="28" maxheight="17" normalimage="file='max_min.png' source='0,0,28,17'" hotimage="file='max_min_h.png' source='0,0,28,17'" pushedimage="file='max_min_h.png' source='0,0,28,17'"/>
			<Button float="true" pos="28,0,56,17" name="closebtn" maxwidth="28" maxheight="17" normalimage="file='max_min.png' source='28,0,56,17'" hotimage="file='max_min_h.png' source='28,0,56,17'" pushedimage="file='max_min_h.png' source='28,0,56,17'" tooltip="关闭"/>
		</VerticalLayout>
	</HorizontalLayout>
	<HorizontalLayout height="35" inset="0,4,0,8">
		<VerticalLayout inset="8,4,2,2" width="80">
			<Text text="Domain/ip:" textcolor="#000000" font="1"></Text>
		</VerticalLayout>
		<VerticalLayout>
			<Edit height="23" text="List控件添加使用案例，每行可以响应事件" bordercolor="#C6CFD8" name="input" bkimage="file='search_bg.png' source='0,0,258,23' corner='1,1,1,1'"/>
		</VerticalLayout>
		<VerticalLayout width="80">
			<Button name="btn" text="Search" font="0" float="true" pos="5,0,63,23" maxwidth="63" maxheight="23" normalimage="file='button.png' source='0,0,63,23'" hotimage="file='button.png' source='0,23,63,46'" pushedimage="file='button.png' source='0,23,63,46'"/>
		</VerticalLayout>
	</HorizontalLayout>
	<HorizontalLayout inset="3,0,3,3">
		<List name="domainlist" bkcolor="#FFFFFFFF" inset="0,0,0,0" itemshowhtml="true" vscrollbar="true" hscrollbar="true" headerbkimage="file='list_header_bg.png'" itemalign="center" itembkcolor="#FFE2DDDF" itemaltbk="true" hscrollbar="false" menu="true">
			<ListHeader height="24" menu="true">
				<ListHeaderItem text="No" font="1" width="30" hotimage="file='list_header_hot.png'" pushedimage="file='list_header_pushed.png'" sepimage="file='list_header_sep.png'" sepwidth="1"/>
				<ListHeaderItem text="Domain" font="1" width="260" hotimage="file='list_header_hot.png'" pushedimage="file='list_header_pushed.png'" sepimage="file='list_header_sep.png'" sepwidth="1"/>
				<ListHeaderItem text="Description" font="1" width="240" hotimage="file='list_header_hot.png'" pushedimage="file='list_header_pushed.png'" sepimage="file='list_header_sep.png'" sepwidth="1"/>
			</ListHeader>
		</List>
	</HorizontalLayout>
</VerticalLayout>
</Window>